{
    "training_times_seconds": {
        "classifier": 416.2474856376648,
        "rnns_total": 289.19552397727966
    },
    "classifier_metrics": {
        "Accuracy": 0.977335635396969
    },
    "rnns_metrics": {
        "RNN_1": {
            "MSE": 0.8092599802539218,
            "Time": 18.94020175933838,
            "Num_Vars": 14
        },
        "RNN_2": {
            "MSE": 0.8596909367439234,
            "Time": 14.939268589019775,
            "Num_Vars": 27
        },
        "RNN_3": {
            "MSE": 0.9199112542680774,
            "Time": 21.714868545532227,
            "Num_Vars": 26
        },
        "RNN_4": {
            "MSE": 0.9347671926868706,
            "Time": 23.12545871734619,
            "Num_Vars": 20
        },
        "RNN_5": {
            "MSE": 0.85967294927125,
            "Time": 20.614625453948975,
            "Num_Vars": 21
        },
        "RNN_6": {
            "MSE": 0.8369104523129776,
            "Time": 19.691617965698242,
            "Num_Vars": 14
        },
        "RNN_7": {
            "MSE": 0.8528773783549274,
            "Time": 31.353177309036255,
            "Num_Vars": 21
        },
        "RNN_8": {
            "MSE": 0.9843512486114632,
            "Time": 35.175822257995605,
            "Num_Vars": 20
        },
        "RNN_9": {
            "MSE": 0.8798957075551581,
            "Time": 25.57326889038086,
            "Num_Vars": 26
        },
        "RNN_10": {
            "MSE": 0.8173691349397763,
            "Time": 22.414069414138794,
            "Num_Vars": 15
        },
        "RNN_11": {
            "MSE": 0.8703297109780341,
            "Time": 28.90529704093933,
            "Num_Vars": 27
        },
        "RNN_12": {
            "MSE": 0.8217252080628755,
            "Time": 24.9630024433136,
            "Num_Vars": 15
        }
    }
}