{
    "training_times_seconds": {
        "DeepMLP_hpo_time": 197.26633620262146,
        "DeepMLP_train_time": 1483.5713896751404,
        "ResNet_hpo_time": 514.5204463005066,
        "ResNet_train_time": 4366.783293962479,
        "Multi_XGBoost_hpo_time": 28.644162893295288,
        "Multi_XGBoost_train_time": 6.153200387954712,
        "Multi_LightGBM_hpo_time": 15.708310842514038,
        "Multi_LightGBM_train_time": 3.257009506225586,
        "Multi_RF_hpo_time": 9493.72823381424,
        "Multi_RF_train_time": 1878.8158872127533,
        "phase4_total": 17998.063564777374
    },
    "phase4_surrogate_metrics": {
        "DeepMLP": {
            "MAE": 0.296588271856308,
            "MSE": 0.4448312222957611,
            "R2_Score": 0.46562981605529785,
            "params": {
                "hidden_dim": 128,
                "lr": 0.00013890799830094846
            }
        },
        "ResNet": {
            "MAE": 0.3091319501399994,
            "MSE": 0.43707382678985596,
            "R2_Score": 0.4719439744949341,
            "params": {
                "hidden_dim": 128,
                "lr": 0.0027214755245149234,
                "dropout": 0.20745484718571766
            }
        },
        "Multi_XGBoost": {
            "MAE": 0.36536721297348934,
            "MSE": 0.5067434107340447,
            "R2_Score": 0.3732468164266813,
            "params": {
                "n_estimators": 139,
                "lr": 0.009514760127169545
            }
        },
        "Multi_LightGBM": {
            "MAE": 0.2863565973294942,
            "MSE": 0.41969206922492225,
            "R2_Score": 0.4953370825729422,
            "params": {
                "n_estimators": 132,
                "lr": 0.08443417234066564
            }
        },
        "Multi_RF": {
            "MAE": 0.28251609308784703,
            "MSE": 0.4648145818007194,
            "R2_Score": 0.42294218927354366,
            "params": {
                "n_estimators": 100,
                "max_depth": 16
            }
        }
    },
    "best_model": "Multi_LightGBM"
}