{
    "training_times_seconds": {
        "phase1_ood": 10528.077283143997
    },
    "phase1_ood_metrics": {
        "IsolationForest": {
            "ROC-AUC": 0.9178496094713475,
            "Precision": 0.973595059720851,
            "Recall": 0.918870527190843,
            "F1": 0.9454415572819002
        },
        "OneClassSVM": {
            "ROC-AUC": 0.9990759279052133,
            "Precision": 1.0,
            "Recall": 0.9854568043337262,
            "F1": 0.9926751387214621
        },
        "GMM": {
            "ROC-AUC": 0.9916559693788994,
            "Precision": 0.9917971731513753,
            "Recall": 0.9852375601779532,
            "F1": 0.9885064845790752
        },
        "DenseAutoencoder": {
            "ROC-AUC": 0.933225470689797,
            "Precision": 0.9597951132486688,
            "Recall": 0.9534471575908722,
            "F1": 0.9566106044635901
        }
    },
    "best_model": "OneClassSVM",
    "timings_detailed": {
        "IsolationForest_hpo_time": 24.67653512954712,
        "OneClassSVM_hpo_time": 9614.395736217499,
        "GMM_hpo_time": 11.641127824783325,
        "IsolationForest_train_time": 0.8395369052886963,
        "OneClassSVM_train_time": 656.5176677703857,
        "GMM_train_time": 0.22379565238952637,
        "DenseAutoencoder_train_time": 194.85050439834595,
        "IsolationForest_inference_time": 0.3851511478424072,
        "OneClassSVM_inference_time": 22.24166989326477,
        "GMM_inference_time": 0.004446983337402344,
        "DenseAutoencoder_inference_time": 0.0028595924377441406
    }
}