{
    "training_times_seconds": {
        "DeepMLP_hpo_time": 323.0076379776001,
        "DeepMLP_train_time": 1529.1538264751434,
        "ResNet_hpo_time": 466.55440378189087,
        "ResNet_train_time": 3094.9825963974,
        "Multi_XGBoost_hpo_time": 22.183122396469116,
        "Multi_XGBoost_train_time": 4.080992937088013,
        "Multi_LightGBM_hpo_time": 15.928197145462036,
        "Multi_LightGBM_train_time": 2.918020725250244,
        "Multi_RF_hpo_time": 6612.4972541332245,
        "Multi_RF_train_time": 376.8818473815918,
        "phase4_total": 12457.70993757248
    },
    "phase4_surrogate_metrics": {
        "DeepMLP": {
            "MAE": 0.3020915687084198,
            "MSE": 0.7117578387260437,
            "R2_Score": 0.041549164801836014,
            "params": {
                "hidden_dim": 128,
                "lr": 0.00019711442314363748
            }
        },
        "ResNet": {
            "MAE": 0.30518051981925964,
            "MSE": 0.42437025904655457,
            "R2_Score": 0.4898531436920166,
            "params": {
                "hidden_dim": 128,
                "lr": 0.0005897896671598056,
                "dropout": 0.15929920440440776
            }
        },
        "Multi_XGBoost": {
            "MAE": 0.3417732366569543,
            "MSE": 0.5300654971093123,
            "R2_Score": 0.3286323270789719,
            "params": {
                "n_estimators": 87,
                "lr": 0.018356390344721144
            }
        },
        "Multi_LightGBM": {
            "MAE": 0.28743269670405336,
            "MSE": 0.419192138603915,
            "R2_Score": 0.4963457936098378,
            "params": {
                "n_estimators": 94,
                "lr": 0.04086105745401785
            }
        },
        "Multi_RF": {
            "MAE": 0.2943702613942409,
            "MSE": 0.4306974507549682,
            "R2_Score": 0.4802978013837003,
            "params": {
                "n_estimators": 50,
                "max_depth": 5
            }
        }
    },
    "best_model": "Multi_LightGBM"
}