{
    "training_times_seconds": {
        "phase2_router": 16171.463635444641
    },
    "phase2_router_metrics": {
        "LogisticRegression": {
            "Accuracy": 0.7410452465126477,
            "Top3_Accuracy": 0.952204774041492,
            "Precision": 0.759536065019812,
            "Recall": 0.7482747728265723,
            "F1": 0.746122908545526,
            "LogLoss": 0.7535763595284253
        },
        "NaiveBayes": {
            "Accuracy": 0.7911151305873003,
            "Top3_Accuracy": 0.9043181963514119,
            "Precision": 0.7942611858265595,
            "Recall": 0.7934216050941894,
            "F1": 0.7813125524234392,
            "LogLoss": 0.9385938241679145
        },
        "KNN": {
            "Accuracy": 0.873112444846392,
            "Top3_Accuracy": 0.9890012515187225,
            "Precision": 0.8755698181983272,
            "Recall": 0.8752184768545469,
            "F1": 0.8751113055098819,
            "LogLoss": 0.5895942801570756
        },
        "DecisionTree": {
            "Accuracy": 0.9710963121305964,
            "Top3_Accuracy": 0.9990499419916504,
            "Precision": 0.9726339319031702,
            "Recall": 0.9714004015866639,
            "F1": 0.9715691798747326,
            "LogLoss": 0.10836888239681412
        },
        "RandomForest": {
            "Accuracy": 0.981483004010341,
            "Top3_Accuracy": 0.9994701599568819,
            "Precision": 0.9820268440070405,
            "Recall": 0.9816642934887009,
            "F1": 0.9817042023302539,
            "LogLoss": 0.06494975376599424
        },
        "ExtraTrees": {
            "Accuracy": 0.9741931358308896,
            "Top3_Accuracy": 0.9983465336585455,
            "Precision": 0.9748409738320326,
            "Recall": 0.9744605201921006,
            "F1": 0.9745306716677535,
            "LogLoss": 0.16514372370894392
        },
        "AdaBoost": {
            "Accuracy": 0.17707619647930425,
            "Top3_Accuracy": 0.5171147469100277,
            "Precision": 0.02951239169497331,
            "Recall": 0.16665792693585038,
            "F1": 0.05014337951933423,
            "LogLoss": 2.4760583249751806
        },
        "XGBoost": {
            "Accuracy": 0.9808435418893365,
            "Top3_Accuracy": 0.999735079978441,
            "Precision": 0.9814652089001331,
            "Recall": 0.9810486998935745,
            "F1": 0.9810942187458971,
            "LogLoss": 0.056669555604457855
        },
        "LightGBM": {
            "Accuracy": 0.9808709474088081,
            "Top3_Accuracy": 0.999689404112655,
            "Precision": 0.9815077233199799,
            "Recall": 0.9810533660757766,
            "F1": 0.9811092569522021,
            "LogLoss": 0.05742663118811704
        },
        "CatBoost": {
            "Accuracy": 0.9793453734915545,
            "Top3_Accuracy": 0.9995067006495109,
            "Precision": 0.9800262568425344,
            "Recall": 0.979566919155762,
            "F1": 0.9796253187146505,
            "LogLoss": 0.06502801828479449
        },
        "MLP": {
            "Accuracy": 0.9739921620214311,
            "Top3_Accuracy": 0.9992235102816374,
            "Precision": 0.9745518037272349,
            "Recall": 0.9743085986676459,
            "F1": 0.9743723630049367,
            "LogLoss": 0.0860524185055336
        },
        "SVM_RBF": {
            "Accuracy": 0.5589629751431938,
            "Top3_Accuracy": 0.9178565229703929,
            "Precision": 0.6352124364121383,
            "Recall": 0.570247833216712,
            "F1": 0.5527323156429266,
            "LogLoss": 0.8987953354325602
        },
        "Voting_All": {
            "Accuracy": 0.9803685128851617,
            "Top3_Accuracy": 0.9983739391780171,
            "Precision": 0.9810353204973395,
            "Recall": 0.980567182517505,
            "F1": 0.9806260895425175,
            "LogLoss": 0.2733984620789635
        },
        "Stacking_All": {
            "Accuracy": 0.9814281929713978,
            "Top3_Accuracy": 0.9995797820347685,
            "Precision": 0.9819111947790028,
            "Recall": 0.9816141857947872,
            "F1": 0.9816629955403683,
            "LogLoss": 0.05882268123561506
        },
        "Voting_Top3": {
            "Accuracy": 0.9816383019540136,
            "Top3_Accuracy": 0.9996619985931834,
            "Precision": 0.9822345459302988,
            "Recall": 0.9818245112887644,
            "F1": 0.9818665728596708,
            "LogLoss": 0.055063623132229705
        },
        "Stacking_Top3": {
            "Accuracy": 0.9815012743566555,
            "Top3_Accuracy": 0.99960718755424,
            "Precision": 0.9819442472880736,
            "Recall": 0.9816926242380498,
            "F1": 0.9817241068484125,
            "LogLoss": 0.06284399677240599
        },
        "Voting_Above90": {
            "Accuracy": 0.9809988398330091,
            "Top3_Accuracy": 0.9993696730521527,
            "Precision": 0.9816820999778783,
            "Recall": 0.9811871113476456,
            "F1": 0.9812460073672757,
            "LogLoss": 0.07331922394819115
        },
        "Stacking_Above90": {
            "Accuracy": 0.9813916522787689,
            "Top3_Accuracy": 0.9995341061689824,
            "Precision": 0.9818588818175109,
            "Recall": 0.9815760843339124,
            "F1": 0.9816175732488653,
            "LogLoss": 0.060626318845924794
        }
    },
    "best_model": "Voting_Top3",
    "timings_detailed": {
        "LogisticRegression_hpo_time": 178.65172004699707,
        "LogisticRegression_train_time": 66.94720196723938,
        "NaiveBayes_hpo_time": 0.9474329948425293,
        "NaiveBayes_train_time": 0.03879499435424805,
        "KNN_hpo_time": 3.6350154876708984,
        "KNN_train_time": 0.10047435760498047,
        "DecisionTree_hpo_time": 10.414552927017212,
        "DecisionTree_train_time": 0.5353333950042725,
        "RandomForest_hpo_time": 256.6920187473297,
        "RandomForest_train_time": 39.060182094573975,
        "ExtraTrees_hpo_time": 47.80852794647217,
        "ExtraTrees_train_time": 8.98868441581726,
        "AdaBoost_hpo_time": 144.41687560081482,
        "AdaBoost_train_time": 7.978581666946411,
        "XGBoost_hpo_time": 41.724796772003174,
        "XGBoost_train_time": 4.646987199783325,
        "LightGBM_hpo_time": 30.736366748809814,
        "LightGBM_train_time": 2.3744957447052,
        "CatBoost_hpo_time": 57.061148166656494,
        "CatBoost_train_time": 8.868699550628662,
        "MLP_hpo_time": 2598.0946316719055,
        "MLP_train_time": 414.39049315452576,
        "SVM_RBF_hpo_time": 5034.458461284637,
        "SVM_RBF_train_time": 324.98844742774963,
        "Voting_All_train_time": 880.8742620944977,
        "Stacking_All_train_time": 2989.520708322525,
        "Voting_Top3_train_time": 45.84793019294739,
        "Stacking_Top3_train_time": 140.2153880596161,
        "Voting_Above90_train_time": 488.1594383716583,
        "Stacking_Above90_train_time": 1537.8497688770294,
        "LogisticRegression_inference_time": 0.019119977951049805,
        "NaiveBayes_inference_time": 0.07873368263244629,
        "KNN_inference_time": 0.8126211166381836,
        "DecisionTree_inference_time": 0.008704185485839844,
        "RandomForest_inference_time": 2.6705029010772705,
        "ExtraTrees_inference_time": 3.8824374675750732,
        "AdaBoost_inference_time": 0.6336953639984131,
        "XGBoost_inference_time": 0.334975004196167,
        "LightGBM_inference_time": 0.8459312915802002,
        "CatBoost_inference_time": 0.05074453353881836,
        "MLP_inference_time": 0.9007394313812256,
        "SVM_RBF_inference_time": 214.22487688064575,
        "Voting_All_inference_time": 224.39312410354614,
        "Stacking_All_inference_time": 224.86669921875,
        "Voting_Top3_inference_time": 3.8489484786987305,
        "Stacking_Top3_inference_time": 3.9067461490631104,