{
    "training_times_seconds": {
        "MDN_hpo_time": 1103.1276574134827,
        "MDN_train_time": 1621.2371280193329,
        "cVAE_hpo_time": 573.8921327590942,
        "cVAE_train_time": 1192.8743760585785,
        "MCDropout_hpo_time": 633.7237496376038,
        "MCDropout_train_time": 1391.0070805549622,
        "TabularDDPM_hpo_time": 627.1128582954407,
        "TabularDDPM_train_time": 1449.5358312129974,
        "cGAN_hpo_time": 1129.952320098877,
        "cGAN_train_time": 1919.8452098369598,
        "phase3_total": 11645.662730932236
    },
    "phase3_generative_metrics": {
        "MDN": {
            "best_val_loss": 147782228158.72656,
            "params": {
                "hidden_dim": 128,
                "lr": 0.003994215449283407
            }
        },
        "cVAE": {
            "best_val_loss": 0.9302331677107053,
            "params": {
                "hidden_dim": 128,
                "lr": 0.0006140256986468447,
                "beta": 1.0223234193821988
            }
        },
        "MCDropout": {
            "best_val_loss": 0.9374651557931276,
            "params": {
                "hidden_dim": 128,
                "lr": 0.0019347901328102036,
                "dropout": 0.1433553366721843
            }
        },
        "TabularDDPM": {
            "best_val_loss": 0.4059511146441427,
            "params": {
                "hidden_dim": 256,
                "lr": 0.001436682078767982
            }
        },
        "cGAN": {
            "best_val_loss": 8.483543218428022,
            "params": {
                "hidden_dim": 128,
                "lr": 0.0005728810016100877
            }
        }
    },
    "best_model": "TabularDDPM"
}